{
  "name": "灵感领域卡牌包",
  "version": "1.0.0",
  "description": "包含火花与创新领域的所有灵感领域法术卡牌",
  "author": "Name",
  "customFieldDefinitions": {
    "variantTypes": {},
    "professions": [],
    "ancestries": [],
    "communities": [],
    "domains": ["灵感"]
  },
  "domain": [
    {
      "id": "spark-domain-custom-1.0-domain-oil-up",
      "名称": "油腻术（OIL UP！）",
      "领域": "灵感",
      "描述": "**陷阱-回想0**\n\n进行一次施法掷骰（13）。成功时，你可以花费1点希望在你的近距离区域撒下油脂，进入该区域的敌人必须进行反应掷骰（14），否则摔倒，停止移动并陷入短暂脆弱。",
      "等级": 1,
      "属性": "陷阱",
      "回想": 0
    },
    {
        "id": "spark-domain-custom-1.0-domain-eureka",
        "名称": "好耶/尤里卡（EUREKA）",
        "领域": "灵感",
        "描述": "**能力-回想0**\n\n失败会激发出更好的想法，你会迅速调整。\n\n每次长休一次，在一个临近范围内的盟友掷骰失败后，你可以标记2压力来描述突然出现的创新灵感。\n\n盟友可以重新掷骰，但必须接受新的结果。\n\n如果盟军在此次掷骰中希望成功，你也会获1点希望。",
        "等级": 1,
        "属性": "能力",
        "回想": 0
    },
    {
      "id": "spark-domain-custom-1.0-domain-overheat",
      "名称": "过热（OVERHEAT）",
      "领域": "灵感",
      "描述": "**法术-回想1**\n\n对近距离内的金属物体（如锁、金属棒、设备或类似的东西）进行施法掷骰对抗其难度等级。\n\n一旦成功，你就会释放出一股不稳定的能量，使其过热。\n\n如果它被携带或佩戴，它会立即对任何接触到它的人造成2d8+3魔法伤害，迫使他们在可能的情况下丢弃该物体。\n\n如果未被携带或佩戴，过热会使它更容易被打破、弯曲或影响，它的难度等级-2。",
      "等级": 1,
      "属性": "法术",
      "回想": 1
    },
    {
      "id": "spark-domain-custom-1.0-domain-rigged-to-fail",
      "名称": "操纵陷阱（RIGGED TO FAIL）",
      "领域": "灵感",
      "描述": "**能力-回想0**\n\n你对陷阱背后隐秘的机关有着直觉般的理解。你在探测或解除陷阱的掷骰上获得 +2调整值；在设置陷阱的掷骰上也是如此。\n\n成功解除陷阱后，你还可以花费 1 点压力暂时使其失效，让你和盟友通过。片刻之后陷阱会重新启动，不会留下任何处理的痕迹。",
      "等级": 2,
      "属性": "能力",
      "回想": 0
    },
    {
      "id": "spark-domain-custom-1.0-domain-toxic-mist",
      "名称": "毒雾（TOXIC MIST）",
      "领域": "灵感",
      "描述": "**陷阱-回想1**\n\n当你有时间准备时，进行一次施法掷骰（13）。成功后，你可以花费 1 点希望，在临近范围内部署一个隐藏的装置。移动会触发装置，释放出一团有毒烟雾。临近范围内的所有生物必须进行一次反应掷骰（14），否则将受到 3d4+4 点伤害，并获得暂时脆弱。成功通过检定的生物会剧烈咳嗽，从而惊动远距离内的任何人。",
      "等级": 2,
      "属性": "陷阱",
      "回想": 1
    },
    {
      "id": "spark-domain-custom-1.0-domain-conductive-coil",
      "名称": "导电线圈（CONDUCTIVE COIL）",
      "领域": "灵感",
      "描述": "**法术-回想1**\n\n对目标进行一次施法掷骰。若成功，目标将承受你熟练值的 d6+4 点伤害，并暂时带电。在带电期间，每当有魔法伤害作用于目标时，都会因电弧火花而额外造成 2d6 点伤害。\n\n只要目标处于你的近距离范围内，此效果就会生效。",
      "等级": 3,
      "属性": "法术",
      "回想": 1
    },
    {
      "id": "spark-domain-custom-1.0-domain-coffee-break",
      "名称": "下午茶时间（COFFEE BREAK）",
      "领域": "灵感",
      "描述": "**能力-回想2**\n\n每次长休时一次，你可以花费 1 点希望来制作一杯浓郁的、含咖啡因的饮品。饮用此饮品的生物会立即消除 1 点压力，并且可以将仍被标记的压力值和生命值重新分配。",
      "等级": 3,
      "属性": "能力",
      "回想": 2
    },
    {
      "id": "spark-domain-custom-1.0-domain-jumpstart",
      "名称": "启动（JUMPSTART）",
      "领域": "灵感",
      "描述": "**能力-回想2**\n\n消耗 1 点希望，从以下选项中选择一个：\n\n·每场游戏一次，你可以触碰近战范围内的一个自愿生物。其可以标记 1 点压力从而恢复 1 点生命值。如果目标因死亡动作而昏迷，则其会恢复 2 点生命值，并且不会标记任何压力。\n\n·对处于近战范围内的一个目标进行施法掷骰。若成功，掷 1d4。目标标记相应数量的压力，并降低同等数值的难度等级，直至切换场景。",
      "等级": 4,
      "属性": "能力",
      "回想": 2
    },
    {
      "id": "spark-domain-custom-1.0-domain-phase-discharge",
      "名称": "相位放电（PHASE DISCHARGE）",
      "领域": "灵感",
      "描述": "**法术-回想2**\n\n对处于近战范围内的任意数量敌人进行施法掷骰。你释放出一股噼里啪啦作响的闪电能量，对命中的所有敌人造成你熟练值的d8 + 6 点伤害。然后，你可以花费 1 点希望来传送至你能够看到的远距离范围内的任意未被占据的位置。",
      "等级": 4,
      "属性": "法术",
      "回想": 2
    },
    {
      "id": "spark-domain-custom-1.0-domain-kinetic-shock",
      "名称": "动能冲击（KINETIC SHOCK）",
      "领域": "灵感",
      "描述": "**能力-回想1**\n\n每次长休一次，你都可以将电能注入盟友的肌肉中，使他们的动作更加敏捷。每名自愿接受此效果的盟友（包括你自己）花费 1 点压力值。受影响的每个获得 +1 的闪避和+1敏捷，直到你下一次休息。",
      "等级": 5,
      "属性": "能力",
      "回想": 1
    },
    {
      "id": "spark-domain-custom-1.0-domain-stressful-workload",
      "名称": "繁重作业（STRESSFUL WORKLOAD）",
      "领域": "灵感",
      "描述": "**能力-回想2**\n\n当这张卡位于你的配置中时，每当你会获得1点希望时，你可以选择消除1点压力值来替代获得希望。此外，当你推进项目时，你可以额外消除 1d4 + 位阶的压力值。",
      "等级": 5,
      "属性": "能力",
      "回想": 2
    },
    {
      "id": "spark-domain-custom-1.0-domain-neural-node",
      "名称": "神经节点（NEURAL NODE）",
      "领域": "灵感",
      "描述": "**陷阱-回想1**\n\n当你有时间准备时，进行一次施法掷骰（13）。成功后，你可以花费 1 点希望来制作一件看似无害的饰品、珠宝或其他小物件。这件神秘的装置与你的意识连接，允许你从其所在位置看到和听到周围的事物。\n\n每次长休一次，你可以标记 1 点压力，并选择以下其中一个选项：\n\n·对持有者造成 2d4 点压力，并暂时让其陷入沉默状态。\n\n·持有者会忘记过去 5 分钟内的对话内容。\n\n·自爆，造成你熟练值的d8点伤害，并彻底断开连接。",
      "等级": 6,
      "属性": "陷阱",
      "回想": 1
    },
    {
      "id": "spark-domain-custom-1.0-domain-opposites-attract",
      "名称": "异性相吸（OPPOSITES ATTRACT）",
      "领域": "灵感",
      "描述": "**法术-回想2**\n\n对处于极远范围内的两个目标分别进行带有优势的施法掷骰。如果两次尝试都成功，这两个生物就会相互吸引撞击，受到你熟练值的d10 + 2 点伤害，并暂时被束缚。目标可以选择主动失败，从而获得对这次伤害的抗性。",
      "等级": 6,
      "属性": "法术",
      "回想": 2
    },
    {
      "id": "spark-domain-custom-1.0-domain-warding-glyph",
      "名称": "防护符文（WARDING GLYPH）",
      "领域": "灵感",
      "描述": "**陷阱-回想2**\n\n当你有时间准备时，进行一次施法掷骰（13）。成功后，你可以花费 2点希望，用魔法墨水将一个符文画在某个表面或物体上。它会配备一个全息防御机制。\n\n从你队伍的配置或宝库中选择一张卡牌。当生物进入邻近范围而触发陷阱时，一个全息影像会现身并对入侵者施展所选卡牌的法术或能力。当效果触发时，使用该卡牌拥有者的属性值，希望值等数据进行任何相关的掷骰。\n\n你最多只能同时激活一个防护符文。",
      "等级": 7,
      "属性": "陷阱",
      "回想": 2
    },
    {
      "id": "spark-domain-custom-1.0-domain-spark-touched",
      "名称": "灵感恩泽（SPARK TOUCHED）",
      "领域": "灵感",
      "描述": "**能力-回想2**\n\n当你配置中有至少 4 张灵感领域卡时，获得下列增益：\n\n·获得 1 个额外压力槽。\n\n·在每场游戏开始时，在这张卡上放等同于你的灵巧调整值的指示物。在进行攻击、施法或伤害掷骰之前，你可以花费 1 个这样的指示物，以使掷骰结果增加相当于你已被标记的压力值的两倍（至少 1点）。",
      "等级": 7,
      "属性": "能力",
      "回想": 2
    },
    {
      "id": "spark-domain-custom-1.0-domain-kabooooom",
      "名称": "嘣！！！（KABOOOOOM!!!）",
      "领域": "灵感",
      "描述": "**陷阱-回想1**\n\n当你有时间准备时，进行一次施法掷骰（14）。成功后，你可以花费 1 点希望，以在邻近范围内放置一个爆炸性混合物陷阱。这个陷阱是移动触发式的。\n\n一旦触发，陷阱就会制造一场巨大的爆炸。处于陷阱近距离范围内的任何人，都必须进行一次反应掷骰（15）。失败者将受到 3d20 + 15 点魔法伤害。成功者承受一半的伤害。",
      "等级": 8,
      "属性": "陷阱",
      "回想": 1
    },
    {
      "id": "spark-domain-custom-1.0-domain-zzzzpasms",
      "名称": "嗞——啪（ZZZZPASMS）",
      "领域": "灵感",
      "描述": "**法术-回想2**\n\n你可以标记 1 点压力并对近距离范围内的敌人进行施法掷骰。若成功，目标将受到 3d8 + 6 点魔法伤害，并进行一次反应掷骰（15）。若失败，目标将被击晕。\n\n你可以标记额外的压力点来使闪电连接作用于额外的目标，每标记一次压力即可影响一个额外目标。每个新目标必须在前一个目标的近距离范围内，并且每个目标都将受到相同的直接伤害。\n\n击晕的生物在状况消除之前无法采取行动或做出反应。",
      "等级": 8,
      "属性": "法术",
      "回想": 2
    },
    {
      "id": "spark-domain-custom-1.0-domain-static-fortress",
      "名称": "静态堡垒（STATIC FORTRESS）",
      "领域": "灵感",
      "描述": "**法术-回想1**\n\n消耗 2 点希望，你可以创造出一个隐形的静态力场，环绕着你和你邻近范围内的盟友。该立场会随你移动，并持续到你休息时、或你受到严重伤害时为止。\n\n当处于该立场内时：\n\n对场内目标进行的远程攻击会带有劣势。\n\n场内的声响对于场外者而言会以失真的静电声形式呈现。\n\n任何指向立场内部的能够定位、探测思想或改变感知的法术或能力自动失败。",
      "等级": 9,
      "属性": "法术",
      "回想": 1
    },
    {
      "id": "spark-domain-custom-1.0-domain-repelling-current",
      "名称": "驱散（REPELLING CURRENT）",
      "领域": "灵感",
      "描述": "**能力-回想0**\n\n你的压力正在显现。当这张牌在你的配置中时，每标记一次压力，你的所有伤害阈值就会增加 +1。\n\n此外，每当你要标记一个生命值时，你可以花费1点希望来反击，造成你熟练值的d8 + 8 的伤害，并将攻击者推之下一个范围（近战至邻近；邻近至近距离；近距离至远距离；或远距离至极远范围）。",
      "等级": 9,
      "属性": "能力",
      "回想": 0
    },
    {
      "id": "spark-domain-custom-1.0-domain-burnout",
      "名称": "燃尽（BURNOUT!!!）",
      "领域": "灵感",
      "描述": "**法术-回想2**\n\n你将集体的共同压力汇聚成一股毁灭性的最终冲击。花费 3 点希望值，并将自己及远距离范围内所有盟友已被标记的压力值相加。你将以等同此数值个 d12 点伤害攻击远距离范围内的所有敌人。成功通过反应掷骰（17）的敌人将承受一半的伤害。\n\n施法完毕后，你的生命值将减少至1点，并且在接下来的 1d4 次休息时间内无法清除压力值。",
      "等级": 10,
      "属性": "法术",
      "回想": 2
    },
    {
      "id": "spark-domain-custom-1.0-domain-sarcophulgur",
      "名称": "棺墓（SARCOPHULGUR）",
      "领域": "灵感",
      "描述": "**陷阱-回想2**\n\n每次长休一次，花费 3 点希望，你可以召唤一场毁灭性的磁暴，该磁暴可以锁定在远距离范围内的一个敌人身上。敌人会立即遭受重度伤害。如果他们幸存下来，将进行一次反应掷骰（17）。如果失败，他们会被封印进一个磁性馆墓中，并被随机转移至同一位面上的任意位置。\n\n在馆墓内，他们会陷入沉睡状态，无法恢复生命值。无法通过任何物理手段进入馆墓。这个馆墓的难度等级为 30，且会永久持续。\n\n如果敌人被囚禁，掷一个d6骰子，若掷出 6 点，则将此卡牌永远放入你的宝库中。",
      "等级": 10,
      "属性": "陷阱",
      "回想": 2
    }
  ]
}