{
  "name": "发明家扩展包",
  "version": "1.0.0",
  "description": "此扩展包引入了以创造力为核心的全新发明家职业，包含奇械师和炼金术士两大子职业，以及专属于灵感与锻造领域的独特能力。",
  "author": "Name",
  "customFieldDefinitions": {
    "variantTypes": {},
    "professions": [
      "发明家"
    ],
    "ancestries": [],
    "communities": [],
    "domains": [
      "灵感",
      "锻造"
    ]
  },
  "profession": [
    {
      "id": "thinker-pack-1.0-prof-thinker",
      "名称": "发明家",
      "简介": "发明家充满了创新和适应能力。不管是关于齿轮机械还是玻璃烧瓶，他们都能将魔法与创新思维结合，用实验解锁它们惊人的潜能。他们不仅把魔法视作一种力量，更多的是视作一种谜题：用来解构、重组、转化为精巧的发明、配方和公式。虽然有些人可能会称他们为科学怪人，但他们其实是将想象力付诸实践的专家，能为日常问题打造令人惊叹的解决方案。\n\n他们常因突破性的研究在社区中崭露头角，在政治、战争或商业中一举成名。无论是制造精密工具还是强大武器，他们的创造力几乎能媲美、甚至超越任何法师的魔法",
      "imageUrl": "",
      "领域1": "灵感",
      "领域2": "锻造",
      "起始生命": 6,
      "起始闪避": 10,
      "起始物品": "一个你仍未完全理解的蓝图；或者一个带内置按钮的隔舱戒指",
      "希望特性": "**工作狂**：花费3点希望，把一半以上的压力标记转化为经历加值（最少1点）。持续至你下次休息前。",
      "职业特性": "**魔法小发明**：你可以为小物件注入简单的功能，如发光、发声、录音、指向北方等。你最多可保持与你灵巧加值相等数量的物件，效果持续1天。\n\n**灵光一闪**：在紧急情况下迅速想出解决方案。每次长休后可消耗1点压力来给一次检定额外加上1d4使之成功（可在结果判定后使用）。到5级时，此骰变为1d6。"
    }
  ],
  "ancestry": [],
  "community": [],
  "subclass": [
    {
      "id": "thinker-pack-1.0-subclass-technocrat-foundation",
      "名称": "奇械师基石",
      "描述": "**小帮手**：你能创造一个小型机械来帮助你。它可移动物体、触发机关，或参与攻击。攻击时进行施法掷骰，对目标造成熟练值的d6+1伤害，攻击后失效直到你进行一次缓解压力的休整动作（包括长休和短休）。",
      "主职": "发明家",
      "子职业": "奇械师",
      "等级": "基石",
      "施法": "灵巧"
    },
    {
      "id": "thinker-pack-1.0-subclass-technocrat-specialization",
      "名称": "奇械师专精",
      "描述": "**精工打造**：你的魔法小发明效果持续时间变为永久，并可用声音指令或者开门的噪音来激活。\n\n**改进小帮手**：小帮手伤害骰变为d10。此外，若攻击未命中，可标记1点压力加入“灵光一闪”的骰值使之命中。",
      "主职": "发明家",
      "子职业": "奇械师",
      "等级": "专精",
      "施法": "灵巧"
    },
    {
      "id": "thinker-pack-1.0-subclass-technocrat-mastery",
      "名称": "奇械师大师",
      "描述": "**细节导向**：你可以在短休时执行推进项目行动。\n\n**不屈小帮手**：小帮手的攻击具有额外+2熟练值。当小帮手攻击时，掷一个d6，若结果为5或6，则不会失效。",
      "主职": "发明家",
      "子职业": "奇械师",
      "等级": "大师",
      "施法": "灵巧"
    },
    {
      "id": "thinker-pack-1.0-subclass-biochemist-foundation",
      "名称": "炼金术士基石",
      "描述": "**炼金术**：长休后，你可花费压力和/或炼金槽位来制作最多3瓶药剂（Vials），你不能同时拥有超过3瓶药剂。\n\n**强力胶水**：使用1瓶药剂制造。目标力量检定（14）成功前都被粘住（束缚）。\n\n**思维麻痹**：使用3瓶药剂制造。必须服用生效，暂时使任何人对目标关于说服和欺瞒的风度检定获得优势。目标不能说谎，但他们仍旧可以闭口不谈。",
      "主职": "发明家",
      "子职业": "炼金术士",
      "等级": "基石",
      "施法": "灵巧"
    },
    {
      "id": "thinker-pack-1.0-subclass-biochemist-specialization",
      "名称": "炼金术士专精",
      "描述": "**爆炸药剂**：你的药剂上限+1，获得1个新配方：\n\n**延迟爆炸**：使用2瓶药剂制造。如果你制作该配方，在该卡牌放置一个d6以6这面朝上。无论何时你的队伍中有人掷出恐惧结果，将骰子面上的数值减1。当骰子的数值变为0时爆炸，对近距离范围的所有单位（everything）造成你熟练值的d8+6伤害。你可以花费1点希望让爆炸药剂骰子面主动减少2。",
      "主职": "发明家",
      "子职业": "炼金术士",
      "等级": "专精",
      "施法": "灵巧"
    },
    {
      "id": "thinker-pack-1.0-subclass-biochemist-mastery",
      "名称": "炼金术士大师",
      "描述": "**生化专家**：你每次调配配方时可以少用1瓶药剂。获得2个新配方：\n\n**消化干扰**：使用3瓶药剂制造。让目标暂时恶心并脆弱，不能进行公众活动，不能消除压力，GM消耗3点恐惧点移除效果。\n\n**奇迹药剂**：使用3瓶药剂制造。恢复2d4点生命值或缓解2d4压力，治愈一般的疾病，同时暂时获得物理伤害抗性，持续至下次休息。",
      "主职": "发明家",
      "子职业": "炼金术士",
      "等级": "大师",
      "施法": "灵巧"
    }
  ],
  "domain": [],
  "variant": [],
  "backgroundQuestions": [
    "谁教你成为发明家的？",
    "你制造的第一个发明是什么？它是如何失败的？",
    "有什么问题你始终无法解决？"
  ],
  "relationshipPrompts": [
    "我们总是为某个小事争执。那是什么？",
    "你曾看到我在测试一个危险的发明。你看到了什么？我说了什么？",
    "我给我们两人设定了一个特殊信号或编码。那是什么，什么时候用？"
  ]
}