{
  "name": "锻造领域卡牌包",
  "version": "1.0.0",
  "description": "包含创造与工艺领域的所有锻造领域法术卡牌",
  "author": "诸星观",
  "customFieldDefinitions": {
    "variantTypes": {},
    "professions": [],
    "ancestries": [],
    "communities": [],
    "domains": [
      "锻造"
    ]
  },
  "domain": [
    {
      "id": "forge-domain-custom-1.0-domain-tie-jiang",
      "名称": "铁匠",
      "领域": "锻造",
      "描述": "**能力一回想2**\n\n你善于制作盔甲，也专精于维护盔甲。\n\n在休息期间，当你选择修复护甲作为休整动作时，你的队友也可以选择清除一个护甲槽。\n\n当你标记护甲槽时，您可以回库此卡作为替代。",
      "等级": 1,
      "属性": "能力",
      "回想": 2
    },
    {
      "id": "forge-domain-custom-1.0-domain-qiang-jiang",
      "名称": "枪匠",
      "领域": "锻造",
      "描述": "**能力一回想-**\n\n当这张卡在你的配备中时，你可以给一件你拥有的物理远程武器以下四种增幅中的两种:\n\n·瞄准镜:攻击掷骰骰+2，但变为双手持握\n\n·弹匣:需具备装填特性，将装填骰骰由1d6改为1d12\n\n·精调:将你的灵巧值加入伤害\n\n·测距仪:将远距离范围提升为极远距离范围\n\n通过1次「项目研发」行动，可调整该卡牌应用的武器及增益效果。\n\n此卡牌仅能在休整期进行回想。",
      "等级": 1,
      "属性": "能力",
      "回想": 0
    },
    {
      "id": "forge-domain-custom-1.0-domain-tan-huang-ji-guan",
      "名称": "弹簧机关装备",
      "领域": "锻造",
      "描述": "在休息时，你可以额外装备一把主要或次要武器。该武器不会直接显露，但每休息一次，你可以激活弹簧机关装备来立即装备该武器，同时掉落手中持有的武器。\n\n当收缩时，该武器很难被发现。要察觉你身上的这件武器，需要进行一次成功的本能掷骰骰，难度为10+你的等级。\n\n你无法在休整期之外回想这张卡牌。",
      "等级": 1,
      "属性": "能力",
      "回想": 0
    },
    {
      "id": "forge-domain-custom-1.0-domain-gong-jiang",
      "名称": "工匠",
      "领域": "锻造",
      "描述": "**能力一回想2**\n\n你可以通过完成一次项目研究动作来制作小型火药包，并在这张卡上放置你灵巧属性+2的火药指示物。这些指示物保留直到被你消耗。\n\n当你使用物理远程武器攻击命中时，你可以消耗1个火药指示物，为此次攻击添加以下效果之一:\n\n爆破:对目标极近范围的其他目标造成这次攻击一半的魔法伤害\n\n引燃:点燃目标，在其下次聚焦时，将承受此攻击一半数值的魔法伤害。\n\n眩目:目标以及极近范围内所有能看到此次攻击的生物，在其下次聚焦时均获得劣势。\n\n烟雾:命中点极近距离范围内的所有生物，暂时获得隐匿状态。",
      "等级": 2,
      "属性": "能力",
      "回想": 2
    },
    {
      "id": "forge-domain-custom-1.0-domain-ping-xi-zhi-jian",
      "名称": "屏息之间",
      "领域": "锻造",
      "描述": "**能力一回想1**\n\n在本回合内，只要你不移动且不切换武器，并且使用一把位于远距离或极远距离的武器进行攻击时，你可标记1点压力发动此次攻击。\n\n此次攻击骰骰具有两倍属性加值。\n\n并且将此武器属性值额外加到伤害中。",
      "等级": 2,
      "属性": "能力",
      "回想": 1
    },
    {
      "id": "forge-domain-custom-1.0-domain-ji-xie-hua-wu-qi",
      "名称": "机械化武器",
      "领域": "锻造",
      "描述": "你的其中一件武器现已机械化!仅当此卡牌处于你的配置中时方可使用该武器。在长休期间，为此卡牌添加3个燃料指示物(上限为你的等级)。这些指示物将保留直至被消耗。\n\n当你使用机械化武器攻击时:\n\n·可消耗此卡牌上的1个燃料指示物，使伤害骰骰获得熟练值+1加值，并将你的等级加入总伤害\n\n·可额外消耗1个燃料指示物，使上述加值效果再触发一次\n\n·若未消耗任何燃料指示物，机械化武器仅造成半数伤害。\n\n你可以通过执行1次\"项目研究\"休整行动来更换机械化的武器。",
      "等级": 3,
      "属性": "能力",
      "回想": 0
    },
    {
      "id": "forge-domain-custom-1.0-domain-bian-xie-gong-fang",
      "名称": "便携工坊",
      "领域": "锻造",
      "描述": "随身携带一套轻便的魔法工具组，让你能够随时随地开工。\n\n在休息时，你可以额外免费执行1次\"修理护甲\"或\"修理所有护甲\"行动。\n\n此外，如果涉及制作或修理物品，你每长休期间可额外免费执行1次\"项目研究\"休整行动。",
      "等级": 3,
      "属性": "能力",
      "回想": 0
    },
    {
      "id": "forge-domain-custom-1.0-domain-ji-xie-shi",
      "名称": "机械师",
      "领域": "锻造",
      "描述": "**法术一回想2**\n\n你能制造复杂的机械装置，例如手摇工具、关节玩偶或义肢。\n\n通过完成三次项目研究行动，你还能创造一只宠物大小的自动构装体，依靠热量与蒸汽驱动。\n\n每次执行长休时需消耗任意1个燃料指示物维持运行，否则将损毁并需重新制造。\n\n·其拥有你等同于你的力量、敏捷、灵巧属性值，以及你闪避值的一半。\n\n·可装备并使用1件武器，熟练等同于你的熟练-1。\n\n·最多可承受2次超过10点伤害的攻击，第3次即会立刻瓦解。\n\n仅听令于你的指挥行动。",
      "等级": 4,
      "属性": "法术",
      "回想": 2
    },
    {
      "id": "forge-domain-custom-1.0-domain-hui-huo-du-ceng",
      "名称": "回火镀层",
      "领域": "锻造",
      "描述": "**能力一回想2**\n\n终日与熔融金属及炽热熔炉为伴，你已学会如何保护自己免受高温与危险飞溅物的伤害。\n\n当此卡牌处于配置栏时:\n\n你获得对任何火焰及高温来源伤害的抗性\n\n-你的伤害阈值永久提升2点",
      "等级": 4,
      "属性": "能力",
      "回想": 2
    },
    {
      "id": "forge-domain-custom-1.0-domain-tou-dan-shou",
      "名称": "投弹手",
      "领域": "锻造",
      "描述": "**能力一回想2**\n\n通过完成一次项目研究行动，你可以制造爆炸物。为此卡牌填充数量等同于你灵巧(至少1个)的爆炸物指示物。指示物可保留至消耗。\n\n消耗1个爆炸物指示物，通过以下方式之一，对目标造成以你的知识作为熟练的「d6+6」点魔法伤害:\n\n-投掷手雷:将手雷投掷至近距离范围，以敏捷属性发动攻击，并对爆炸点近距离范围内的所有命中目标造成这次攻击一半的魔法伤害。\n\n·布置陷阱:设置简易爆炸陷阱，目标进入极近距离范围内时若灵巧检定(16)成功，则成功触发并造成伤害。\n\n·定点爆破:通过知识检定(16)摧毁墙壁或小型建筑，并对近战范围内的目标造成双倍伤害。",
      "等级": 5,
      "属性": "能力",
      "回想": 2
    },
    {
      "id": "forge-domain-custom-1.0-domain-zheng-qi-bei-bao",
      "名称": "蒸汽背包",
      "领域": "锻造",
      "描述": "**能力一回想-**\n\n你装备着一个蒸汽背包，这种大型背负装置能喷射灼热蒸汽助你飞跃。每次完成长休时，可为此卡牌添加最多等同于你等级的燃料指示物(至多添加3个)。\n\n当你作为行动的一部分进行移动时，可消耗此卡牌上1个燃料指示物，跳跃通过自由空间直达较远距离并跨越障碍物。\n\n当被攻击时，你可消耗此卡牌中1个燃料指示物以改变位置至极近距离范围内，并为本次攻击增加3点闪避值。\n\n你不可在休整期外回想此卡牌。",
      "等级": 5,
      "属性": "能力",
      "回想": 0
    },
    {
      "id": "forge-domain-custom-1.0-domain-lian-jin-chong-neng",
      "名称": "炼金充能",
      "领域": "锻造",
      "描述": "**法术一回想2**\n\n通过完成一次项目研究行动，你可将火药指示物、爆炸物指示物或燃料指示物从其他锻造领域卡牌转移至此卡牌。此卡牌最多可容纳等同于你知识属性的指示物。指示物可保留至消耗。\n\n你可消耗1点希望值及此卡牌上任意1个指示物。根据所消耗的指示物类型，获得对应效果:\n\n火药指示物:可如同任何火药指示物般消耗于远程攻击，并在命中点近距离范围内展现出原本所有隐形的单位，同时移除全部隐匿状态。\n\n爆炸物指示物:可如同其他爆炸物指示物般运用，但造成双倍伤害。\n\n燃料指示物:朝60度锥形范围内喷射火焰(最远至近距离)，对范围内所有目标造成「6d6+6」点魔法伤害，并且所有可燃物将被点燃。",
      "等级": 6,
      "属性": "法术",
      "回想": 2
    },
    {
      "id": "forge-domain-custom-1.0-domain-zheng-xiu-zhi-chu",
      "名称": "整修之触",
      "领域": "锻造",
      "描述": "**法术一回想0**\n\n通过收集破碎的部件，花费少量时间进行匹配，和花费少量魔法，你能修复已经被损坏或被粉碎的物品。\n\n在休整期期间，你可花费1点希望，去额外执行一次修复护甲行动或修复所有护甲行动,或者如果该行动是关于修理某物，额外执行一次项目研究行动。\n\n在休整期外，你可花费1点希望，清除你自身护甲上的1个标记的护甲槽位，或者你能在近战范围内接触到的其他人护甲上的1个标记的护甲槽位。",
      "等级": 6,
      "属性": "法术",
      "回想": 0
    },
    {
      "id": "forge-domain-custom-1.0-domain-duan-zao-jin-ran",
      "名称": "锻造浸染",
      "领域": "锻造",
      "描述": "**能力一回想2**\n\n当你的配置栏中领域卡牌有4张或更多来自锻造领域时:\n\n●提升你的力量属性值1点。\n\n•当你为装弹特性掷骰骰时，如果掷出结果为1，则改为掷一次d4并采用新的结果。\n\n●在每次休息期间可额外执行1次休整行动。",
      "等级": 7,
      "属性": "能力",
      "回想": 2
    },
    {
      "id": "forge-domain-custom-1.0-domain-huo-shan-zhi-xin",
      "名称": "火山之心",
      "领域": "锻造",
      "描述": "**法术一回想1**\n\n当此卡牌在你的配置栏时，你获得寒冷抗性。\n\n你可以花费1点希望在极近距离范围内施放一个临时性的温暖灵光:\n\n·给予所有在此范围内的队友寒冷抗性\n\n·将任何的冰融化成水\n\n当你的温暖灵光处于激活状态时:\n\n你可以标记1点压力来暂时扩展温暖灵光至近距离而不是极近距离,当你这样做时,所有在极近距离范围内的敌人会在他们每一次行动时因为剧烈的高温而承受2d6点魔法伤害。",
      "等级": 7,
      "属性": "法术",
      "回想": 1
    },
    {
      "id": "forge-domain-custom-1.0-domain-yin-xin-he-xin",
      "名称": "引信核心",
      "领域": "锻造",
      "描述": "**能力一回想1**\n\n你建立了一个强大的引信核心，一个可以装在口袋里的魔法装置，可以为你的机器提供动力。\n\n引信核心最多可以容纳你的知识值+1个燃料指示物，你可以花费1个长休行动来补充它们。\n\n在任何时间，你可以花费1点希望来为这张卡上增加1个燃料指示物，或者将2个燃料指示物从这张卡转移到你其他使用燃料指示物的锻造领域卡牌上。\n\n如果你在没有剩余护甲槽的情况下受到严重伤害，或者你在这张卡上布置了爆炸指示物，那么在你的下一次移动后，引燃核心会爆炸，对极远范围内的所有目标造成5d20+10魔法伤害，每剩余1个燃料指示物会额外增加1d20的伤害。\n\n然后将这张卡永久放置在你的宝库中。",
      "等级": 8,
      "属性": "能力",
      "回想": 1
    },
    {
      "id": "forge-domain-custom-1.0-domain-jie-zuo",
      "名称": "杰作",
      "领域": "锻造",
      "描述": "**能力一回想0**\n\n在12次项目研究行动后，你可以创造一件前所未有的杰作，超出所有预期，此世仅有。独属于你自己的杰作。\n\n它可以是一件武器、防具或可以操纵和携带的物品。它甚至可以比T4的物品与装备更加优秀。它还有自己独特的名称。将这件杰作添加到你的背包中。\n\n你只有有限的创造力。使用后，永久将这张牌放入你的宝库。",
      "等级": 8,
      "属性": "能力",
      "回想": 0
    },
    {
      "id": "forge-domain-custom-1.0-domain-ling-dian-yan-mie",
      "名称": "零点湮灭",
      "领域": "锻造",
      "描述": "**施法一回想2**\n\n在完成4次项目研究行动后，你可以从其他锻造领域卡中花费1份火药、1份爆炸物和1份燃料指示物，在此卡上添加1份湮灭指示物。此卡每次只能持有1个指示物，如果此卡被回库，则会失去令牌。\n\n你可以花费1个湮灭晶片作为炸药或手榴弹使用。当它爆炸时，所有在极远范围内的人必须进行一次反应检定(16)。失败:\n\n•远范围内的所有人都暂时被绝对的黑暗和寂静笼罩，并受到d8+12的魔法伤害，这些伤害以你的知识作为熟练，并且来自你对寒冷知识的理解。\n\n•远范围外且在极远范围内的所有人都受到d8+6的魔法伤害，这些伤害以你的知识作为熟练，并且来自你对火焰知识的理解。\n\n成功时，他们仍然只承受一半的伤害。",
      "等级": 9,
      "属性": "法术",
      "回想": 2
    },
    {
      "id": "forge-domain-custom-1.0-domain-zhan-zheng-ji-qi",
      "名称": "战争机器",
      "领域": "锻造",
      "描述": "**能力一回想-**\n\n你现在穿着一件沉重的外骨骼，由金属和狂怒所制成。在长休后，为这张卡片添加3个燃料指示物，但最多不超过你的等级。战争机器现在是你的防具，阈值为15/35，护甲值为9。你可以从这张卡片花费1个燃料指示物来使用以下效果之一:\n\n●临时将你的力量翻倍。但不能重复翻倍。\n\n●清除1个标记的护甲槽。\n\n•解除影响你的束缚状态。\n\n●在基于力量的武器攻击伤害上获得等同于力量属性的加值。\n\n●将一个攻击的目标推拉至近战距离。\n\n此卡牌在非休整时间外无法回库或配置。",
      "等级": 9,
      "属性": "能力",
      "回想": 0
    },
    {
      "id": "forge-domain-custom-1.0-domain-xue-wei-chai-xin",
      "名称": "血为柴薪",
      "领域": "锻造",
      "描述": "**能力一回想-**\n\n当你选择这张卡片时，将其加入你的配置中。任何时候，当这张卡片离开你的配置时，你必须立即标记4点生命。\n\n生命是最强大的能源。你承担最大的风险，将自己连接到自己的机器上，与它们融合。\n\n每当必须花费任意锻造领域卡的1燃料指示物时，你可以选择标记1点生命。\n\n你还可以花费任意锻造领域卡牌的1个燃料指示物与1点希望恢复1点生命。",
      "等级": 10,
      "属性": "能力",
      "回想": 0
    },
    {
      "id": "forge-domain-custom-1.0-domain-zui-zhong-ji-guan",
      "名称": "理论验证·最终机关",
      "领域": "锻造",
      "描述": "**能力一回想-**\n\n在完成12次研究项目行动后，你可以创造并激活一个新的人工智能机械生物。你甚至可以将它们视为自己的孩子。它们被称为最终机关。\n\n每次这样做，永久失去1个生命值槽，作为你创造了一个真正生命的代价。\n\n与你的GM一起商量新角色如何融入你的故事。",
      "等级": 10,
      "属性": "能力",
      "回想": 0
    }
  ]
}