{
  "name": "恐怖领域-格斗家-邪术师卡牌包",
  "version": "1.0.0",
  "description": "此卡牌包包含了格斗家和邪术师两大全新职业，以及专属于恐怖领域的神秘法术与能力，为你的DaggerHeart冒险增添深渊的惊悚与力量。",
  "author": "RidRisR",
  "customFieldDefinitions": {
    "variantTypes": {
      "武术姿态": {
        "description": "格斗家武艺达人子职业的特殊姿态，提供不同战斗加成。",
        "subclasses": [],
        "levelRange": [
          1,
          4
        ]
      }
    },
    "professions": [
      "格斗家",
      "邪术师"
    ],
    "ancestries": [],
    "communities": [],
    "domains": [
      "恐怖",
      "骸骨",
      "勇气",
      "优雅"
    ]
  },
  "profession": [
    {
      "id": "void-pack-RidRisR-1.0-prof-fighter",
      "名称": "格斗家",
      "简介": "作为徒手格斗的专家，格斗家们运用令人叹为观止的武术技艺，将自己的身体打造成致命的武器。无论是在正规学校系统学习，还是通过一次次战斗逐步磨练，这一过程都极为严苛，使格斗家们的身心协调如一，达到人武合一的境界。",
      "imageUrl": "",
      "领域1": "骸骨",
      "领域2": "勇气",
      "起始生命": 6,
      "起始闪避": 11,
      "起始物品": "武学传承的证明",
      "希望特性": "**震慑打击** - 当你命中一名敌人时，花费3点希望，可以额外使其标记1压力点，并暂时陷入“震慑（Staggered）”状态。\n\n在震慑状态下，该敌人的所有攻击掷骰均处于劣势。",
      "职业特性": "**吾即武器**：当你未装备任何武器时，你的闪避获得+1加值。你的徒手攻击将被视为近战武器，使用你选择的属性，并造成d10+你位阶的物理伤害。\n\n**连环打击**：使用近战武器进行伤害掷骰后，单对目标造成伤害之前，标记1压力点以开始连击。\n当你这样做时，掷一个连击骰Combo Die并记录其点数。然后再掷一个连击骰：如果这次掷出的点数大于或等于上一次的结果，则继续掷骰；若点数小于上一次的结果，则连击结束。将你所有掷出的连击骰的点数总和，加到你的武器伤害中。\n你的连击骰起始为 d4。在你升级时，每晋升一个位阶，你可以选择一次将连击骰提升为更高的骰种（最高为d10），作为你的升级选项之一。"
    },
    {
      "id": "void-pack-RidRisR-1.0-prof-warlock",
      "名称": "邪术师",
      "简介": "那些为了强大的力量而将自己的生命，甚至灵魂，献给异界宗主的存在，被称为邪术师。通常，这些凡人在做出如此牺牲时正处于极度绝望的境地——为了保护自己或挚爱之人，协助族群，寻求复仇，提升地位，或是追逐某种野心。",
      "imageUrl": "",
      "领域1": "恐怖",
      "领域2": "优雅",
      "起始生命": 6,
      "起始闪避": 10,
      "起始物品": "宗主信物",
      "希望特性": "**宗主护佑** - 当你被成功攻击时，你可以花费3希望点。若你如此做，GM必须花费1恐惧点令该攻击命中，否则为未命中。",
      "职业特性": "**邪术师宗主**：你拥有一位宗主，你已将自己奉献给他以换取力量。在为你的宗主起一个名字。然后，选择两个代表宗主权能的恩惠（Boons），并将它们的数值设为 +3。每当你提升位阶时，这些恩惠的数值也将永久增加 +1。\n在进行可以应用恩惠加值的动作掷骰前，你可以消耗1恩宠点（Favor），呼唤你的宗主，将其对应的恩惠加值加到该掷骰上。\n\n**恩宠** 〇 〇 〇 〇 〇 〇：你开始时拥有2恩宠点（Favor）。在长休期间，你可以花费一次修整行动向宗主进行祈祷。这样做时，你将从宗主那里获得1d4恩宠点。\n如果你选择放弃这份恩赐，GM将获得1恐惧点。"
    }
  ],
  "ancestry": [],
  "community": [],
  "subclass": [
    {
      "id": "void-pack-RidRisR-1.0-subclass-juggernaut-foundation",
      "名称": "重拳主宰基石",
      "描述": "**钢筋铁骨**：严重伤害阈值永久获得+3加值。\n**碾压攻势**：在一次成功命中的攻击后，你可以花费1希望点强迫你的目标标记1压力点。",
      "主职": "格斗家",
      "子职业": "重拳主宰",
      "等级": "基石",
      "施法": "不可施法"
    },
    {
      "id": "void-pack-RidRisR-1.0-subclass-juggernaut-specialization",
      "名称": "重拳主宰专精",
      "描述": "**蛮力巨擘**：将你徒手攻击的伤害骰提升为d12。\n**以眼还眼**：当你因为一次近战攻击而标记1点或更多的生命值，攻击发起者必须进行一次反应掷骰（14）。若其失败，每次休息一次，其立刻标记同等数量生命值。",
      "主职": "格斗家",
      "子职业": "重拳主宰",
      "等级": "专精",
      "施法": "不可施法"
    },
    {
      "id": "void-pack-RidRisR-1.0-subclass-juggernaut-mastery",
      "名称": "重拳主宰大师",
      "描述": "**挥拳成瘾**：每当你在对抗近战范围内的敌人的武器攻击中掷出关键成功时，你额外获得1希望点、清除1压力点，然后该次攻击熟练+1。\n**愈战愈勇**：当你因为受到一次攻击而标记多于1点生命值，你可以获得1希望点或清除1压力点。",
      "主职": "格斗家",
      "子职业": "重拳主宰",
      "等级": "大师",
      "施法": "不可施法"
    },
    {
      "id": "void-pack-RidRisR-1.0-subclass-martial-artist-foundation",
      "名称": "武艺达人基石",
      "描述": "**武术姿态**：获得武术姿态表（请查看额外卡牌）。你选择两个位阶1（Tier 1）姿态作为起始姿态。当你达到新位阶时，选择两个等于或小于你当前位阶的另外两种姿态。\n**专注**：标记1压力点并将等同你本能属性值（最小为1）数量的专注指示物放在此卡上。花费1个专注指示物激活或切换武术姿态。武术姿态会持续到你标记最后一点生命值、你受到严重伤害、场景结束或你切换到另一个姿态。",
      "主职": "格斗家",
      "子职业": "武艺达人",
      "等级": "基石",
      "施法": "不可施法"
    },
    {
      "id": "void-pack-RidRisR-1.0-subclass-martial-artist-specialization",
      "名称": "武艺达人专精",
      "描述": "**敏锐防御**：当你被指定为一次攻击的目标时，你可以花费1个专注指示物使该敌人的攻击掷骰改为使用d12，而不是d20。\n**灵魂冲击**：花费1个专注指示物进行一次使用本能的攻击掷骰，对抗近距离范围内的一名敌人。若成功，你造成等同于你熟练的d20+3的魔法伤害，同时你可以额外花费1个专注指示物使其暂时陷入脆弱状态。",
      "主职": "格斗家",
      "子职业": "武艺达人",
      "等级": "专精",
      "施法": "不可施法"
    },
    {
      "id": "void-pack-RidRisR-1.0-subclass-martial-artist-mastery",
      "名称": "武艺达人大师",
      "描述": "**界限突破**：在为你的一次近战攻击掷出伤害骰后，你可以消耗1个专注指示物将所有伤害骰的骰值+1。若任一骰子已经达到了最大骰值，则改为额外掷出一个伤害骰。",
      "主职": "格斗家",
      "子职业": "武艺达人",
      "等级": "大师",
      "施法": "不可施法"
    },
    {
      "id": "void-pack-RidRisR-1.0-subclass-pact-of-endless-foundation",
      "名称": "无尽之契基石",
      "描述": "**施法属性**：风度\n**宗主邪披**：标记1压力点，变身为一种可怕的形态，持续至你受到严重伤害或场景结束。在变身期间：\n● 你可以花费1恩宠点来代替1护甲槽。\n● 你在威吓目标的掷骰中获得优势。\n**拒绝死亡**：在你进行死亡行动“孤注一掷”的掷骰之前，你可以花费恩宠点，将你的一项恩惠加值添加到你的希望骰上。",
      "主职": "邪术师",
      "子职业": "无尽之契",
      "等级": "基石",
      "施法": "风度"
    },
    {
      "id": "void-pack-RidRisR-1.0-subclass-pact-of-endless-specialization",
      "名称": "无尽之契专精",
      "描述": "**汲能祈愿**：当敌人以你或近距离内的盟友为目标发起攻击时，你可以花费1恩宠点，让其在攻击掷骰中使用d12而非d20。此外，敌人必须标记1压力点，你可以清除1压力点。",
      "主职": "邪术师",
      "子职业": "无尽之契",
      "等级": "专精",
      "施法": "风度"
    },
    {
      "id": "void-pack-RidRisR-1.0-subclass-pact-of-endless-mastery",
      "名称": "无尽之契大师",
      "描述": "**黑暗庇护**：每长休一次，花费1恩宠点以替代标记任意数量的生命点。\n**汲能灾祸**：汲能祈愿的目标暂时陷入榨干（Drained）状态。在榨干状态中，其所有的攻击掷骰均使用d12，而非d20。",
      "主职": "邪术师",
      "子职业": "无尽之契",
      "等级": "大师",
      "施法": "风度"
    },
    {
      "id": "void-pack-RidRisR-1.0-subclass-pact-of-wrathful-foundation",
      "名称": "愤怒之契基石",
      "描述": "**施法属性**：风度\n**死亡令使**：攻击掷骰失败时，你可以花费1恩宠点来重骰此次攻击。如果再次失败时，你必须标记1压力点。\n**能量攫取**：当你在一次攻击掷骰中骰出希望结果时，你可以选择让目标标记1压力点而不是获取1希望点。",
      "主职": "邪术师",
      "子职业": "愤怒之契",
      "等级": "基石",
      "施法": "风度"
    },
    {
      "id": "void-pack-RidRisR-1.0-subclass-pact-of-wrathful-specialization",
      "名称": "愤怒之契专精",
      "描述": "**恐怖攻击**：当你的攻击掷骰掷出恐惧成功时，你可以花费1恩宠点以重掷任意数量的伤害骰。你可以继续花费恩宠点来重掷这些骰子，次数不限。",
      "主职": "邪术师",
      "子职业": "愤怒之契",
      "等级": "专精",
      "施法": "风度"
    },
    {
      "id": "void-pack-RidRisR-1.0-subclass-pact-of-wrathful-mastery",
      "名称": "愤怒之契大师",
      "描述": "**伪神怒火**：你可以花费恩宠点将宗主的力量注入你的主要武器。当你如此做时，每花费1恩宠点，则在使用该武器进行的伤害掷骰中增加一个额外的d6。\n**宗主仇愤**：每次休息一次，当你受到伤害时，你可以为近距离范围内的任一目标花费1恩宠点。对每个你花费恩宠点指定的目标而言，其必须标记1生命点。",
      "主职": "邪术师",
      "子职业": "愤怒之契",
      "等级": "大师",
      "施法": "风度"
    }
  ],
  "domain": [
    {
      "id": "void-pack-RidRisR-1.0-domain-blighting-strike",
      "名称": "凋零打击",
      "领域": "恐怖",
      "描述": "对远距离范围内的一个目标进行一次施法掷骰。成功时，目标受到使用你熟练值的d6魔法伤害，且目标下一次对一名盟友造成伤害时减少1d6。如果你掷出恐惧成功，目标改为受到使用你熟练值的d10魔法伤害。",
      "imageUrl": "",
      "等级": 1,
      "属性": "法术",
      "回想": 1
    },
    {
      "id": "void-pack-RidRisR-1.0-domain-voice-of-dread",
      "名称": "恐惧低语",
      "领域": "恐怖",
      "描述": "你可以魔法般地在一个你能看到的生物耳边低语。用你的话语折磨他们，对其进行一次施法掷骰。成功时，其必须标记1压力点且暂时陷入脆弱状态。",
      "imageUrl": "",
      "等级": 1,
      "属性": "法术",
      "回想": 0
    },
    {
      "id": "void-pack-RidRisR-1.0-domain-umbral-veil",
      "名称": "幽影帷幕",
      "领域": "恐怖",
      "描述": "进行一次施法掷骰（10）。成功时，花费任意数量的希望点并摆放等量指示物于此卡牌上，你自身将会被一股暗影能量所笼罩。当你被一次攻击掷骰指定为目标时，你可以花费任意数量的指示物，以在对抗此次攻击中获得等量的闪避值加值。",
      "imageUrl": "",
      "等级": 1,
      "属性": "法术",
      "回想": 1
    },
    {
      "id": "void-pack-RidRisR-1.0-domain-hideous-retribution",
      "名称": "狰狞报应",
      "领域": "恐怖",
      "描述": "当一名近距离范围内的盟友受到来自一名你能看见的目标的伤害时，你可以进行一次反应掷骰对抗该目标。成功时，令其标记1压力点并对其造成使用你熟练值的d6魔法伤害。",
      "imageUrl": "",
      "等级": 2,
      "属性": "法术",
      "回想": 2
    },
    {
      "id": "void-pack-RidRisR-1.0-domain-siphon-essence",
      "名称": "抽取精魄",
      "领域": "恐怖",
      "描述": "对一名远距离范围内目标进行一次施法掷骰。成功时，每次休息一次，目标受到使用你熟练值的d8魔法伤害且你恢复2生命点。如果你掷出恐惧成功，你恢复3生命点。",
      "imageUrl": "",
      "等级": 2,
      "属性": "法术",
      "回想": 1
    },
    {
      "id": "void-pack-RidRisR-1.0-domain-terrify",
      "名称": "惊骇冲击",
      "领域": "恐怖",
      "描述": "对一名远距离范围内的目标进行一次施法掷骰。成功时，目标标记1d4压力点，且你可以使目标逃离你一个距离单位（近距离到远距离，远距离到极远，以此类推）。你可以同时花费1希望点使目标暂时陷入脆弱状态。",
      "imageUrl": "",
      "等级": 3,
      "属性": "法术",
      "回想": 1
    },
    {
      "id": "void-pack-RidRisR-1.0-domain-shared-trauma",
      "名称": "共享创伤",
      "领域": "恐怖",
      "描述": "每次休息一次，你可以任意分配两名你可以触碰到的自愿目标的已标记生命点。",
      "imageUrl": "",
      "等级": 3,
      "属性": "法术",
      "回想": 1
    },
    {
      "id": "void-pack-RidRisR-1.0-domain-withering-affliction",
      "名称": "枯萎受难",
      "领域": "恐怖",
      "描述": "对一名远距离范围内的目标进行一次施法掷骰。成功时，花费1希望点使目标陷入枯萎（Withered）状态。在枯萎状态下，其造成的任何伤害都会降低一级。你只能在一个目标上维持此法术。",
      "imageUrl": "",
      "等级": 4,
      "属性": "法术",
      "回想": 2
    },
    {
      "id": "void-pack-RidRisR-1.0-domain-summon-horror",
      "名称": "召唤恐魔",
      "领域": "恐怖",
      "描述": "对一名远距离范围内的目标进行一次施法掷骰。成功时，花费1希望点以召唤一个巨大的邪魔或者其他异界生物来攻击目标，造成使用你熟练值的d10魔法伤害。目标必须进行一次反应掷骰（12）以维持心智，其失败时，其标记1d4压力点。",
      "imageUrl": "",
      "等级": 4,
      "属性": "法术",
      "回想": 2
    },
    {
      "id": "void-pack-RidRisR-1.0-domain-spectral-mist",
      "名称": "幽魂迷雾",
      "领域": "恐怖",
      "描述": "进行一次施法掷骰（13）。成功时，花费1希望点创造一片怪异的迷雾，环绕着你以及近距离范围内的所有目标。所有被影响的生物暂时性地变为无实体状态，使其可以穿过坚硬的墙壁。该效应持续到你成功穿越墙壁为止。",
      "imageUrl": "",
      "等级": 5,
      "属性": "法术",
      "回想": 0
    },
    {
      "id": "void-pack-RidRisR-1.0-domain-dire-strike",
      "名称": "恐怖之刃",
      "领域": "恐怖",
      "描述": "花费1希望点以召唤纯净的黑暗能量，笼罩着你的武器直到你下一次休息。当你使用该武器进行近战攻击时，使用你的施法属性值代替其原本的属性值。成功时，掷数量等同于GM当前拥有恐惧点数量的d8（上限为你的等级）并造成等同于该次掷骰的伤害。受到攻击的敌人将会感受到冰冷的恐怖渗入其伤口。",
      "imageUrl": "",
      "等级": 5,
      "属性": "法术",
      "回想": 1
    },
    {
      "id": "void-pack-RidRisR-1.0-domain-nether-flames",
      "名称": "虚无烈焰",
      "领域": "恐怖",
      "描述": "对近距离范围内的所有敌人进行一次施法掷骰。对每个成功目标而言，你可以花费1希望点使其必须进行一次反应掷骰（14）。失败时，其受到使用你熟练值的d8+6魔法伤害并被黑暗火焰笼罩。成功时，其受到一半的伤害。",
      "imageUrl": "",
      "等级": 6,
      "属性": "法术",
      "回想": 2
    },
    {
      "id": "void-pack-RidRisR-1.0-domain-wailing-leap",
      "名称": "哀嚎跃迁",
      "领域": "恐怖",
      "描述": "每当你对一个目标造成魔法伤害时，你可以标记1压力点立刻传送到该生物的近战范围内。",
      "imageUrl": "",
      "等级": 6,
      "属性": "法术",
      "回想": 0
    },
    {
      "id": "void-pack-RidRisR-1.0-domain-dread-touched",
      "名称": "恐怖恩泽",
      "领域": "恐怖",
      "描述": "当你的配置中有4张或更多领域卡来自恐怖领域时，获得下列增益：\n- 当你掷出恐惧成功时，你可以标记2压力点以阻止游戏主持人获得恐惧点。\n- 每次休息一次，当进行一次动作掷骰时，游戏主持人每持有1恐惧点，你在此次掷骰获得+1加值。",
      "imageUrl": "",
      "等级": 7,
      "属性": "能力",
      "回想": 2
    },
    {
      "id": "void-pack-RidRisR-1.0-domain-wall-of-hunger",
      "名称": "饥饿之墙",
      "领域": "恐怖",
      "描述": "进行一次施法掷骰（13）。成功时，在远距离范围内的两点之间创造一道临时的、充满着扭曲的死灵能量的墙壁，持续至你受到伤害为止。任何在墙壁生成时位于范围内或穿过墙壁的生物需标记2压力点，然后进行一次反应掷骰（16）。失败时，其暂时陷入束缚。",
      "imageUrl": "",
      "等级": 7,
      "属性": "法术",
      "回想": 2
    },
    {
      "id": "void-pack-RidRisR-1.0-domain-dark-army",
      "名称": "黑暗大军",
      "领域": "恐怖",
      "描述": "进行一次施法掷骰（14）。每次休息一次，成功时你可以标记1压力点，在近距离范围内召唤一群共8只邪魔跟随你移动。在此卡牌上放置一个d8并设置为8，代表着你大军的规模。每当你对近距离范围内的一名目标造成伤害时，你可以将骰值-1，然后造成额外1d8物理伤害。每当你受到伤害时，你可以将骰值-1，将伤害降低1d8。每次骰值下降时，一只邪魔依据你的指令执行相应行动，然后消散。当骰值将减少至低于1时，将此卡牌置入你的宝库。",
      "imageUrl": "",
      "等级": 8,
      "属性": "法术",
      "回想": 2
    },
    {
      "id": "void-pack-RidRisR-1.0-domain-eldritch-flesh",
      "名称": "邪能血肉",
      "领域": "恐怖",
      "描述": "你具现了你所操弄的黑暗力量。当此卡牌位于你的配置中时：\n- 你每标记2点压力值，你的伤害阈值获得+1加值。\n- 当你的动作掷骰掷出恐惧成功时，你可以花费1希望点以清除1护甲槽。",
      "imageUrl": "",
      "等级": 8,
      "属性": "法术",
      "回想": 1
    },
    {
      "id": "void-pack-RidRisR-1.0-domain-damnation",
      "名称": "破灭诅咒",
      "领域": "恐怖",
      "描述": "对远距离范围内的一名目标进行一次施法掷骰。成功时，标记3压力点并掷出等同你施法属性值数量的d20，并对目标造成等量伤害。如果该伤害足矣击败或摧毁该生物，该生物远距离范围内的所有敌人皆标记1压力点。",
      "imageUrl": "",
      "等级": 9,
      "属性": "法术",
      "回想": 2
    },
    {
      "id": "void-pack-RidRisR-1.0-domain-savor-the-anguish",
      "名称": "品味苦难",
      "领域": "恐怖",
      "描述": "当一个位于近距离范围内的生物标记任意数量的压力点或受到严重伤害时，你可以花费1希望点以清除1压力点或游戏主持人持有的1恐惧点。",
      "imageUrl": "",
      "等级": 9,
      "属性": "法术",
      "回想": 0
    },
    {
      "id": "void-pack-RidRisR-1.0-domain-invoke-torment",
      "名称": "召唤折磨",
      "领域": "恐怖",
      "描述": "当你对一个压力点标记已满的生物造成伤害时，你造成双倍伤害。如果该伤害足以击败该生物，你可以清除1压力点。如果该伤害无法击败该生物，则其暂时陷入脆弱状态。",
      "imageUrl": "",
      "等级": 10,
      "属性": "法术",
      "回想": 2
    },
    {
      "id": "void-pack-RidRisR-1.0-domain-avatar-of-malice",
      "名称": "恶意化身",
      "领域": "恐怖",
      "描述": "你可以标记1压力点变为一个恶意化身，获得下列益处：\n- 所有近距离范围内的敌人必须额外花费1恐惧点来使用恐惧特性。\n- 当你击败近距离范围内的一个生物时，你吸收其生命精华并恢复1生命点。\n- 你可以标记1压力点传送至极远范围内的任意位置。\n每次在此形态进行动作掷骰时，你必须花费1希望点。如果你无法花费1希望点，则恢复正常形态。",
      "imageUrl": "",
      "等级": 10,
      "属性": "法术",
      "回想": 1
    }
  ],
  "variant": [
    {
      "id": "void-pack-R id R is R-1.0-variant-stance-brutal",
      "名称": "残暴姿态",
      "类型": "武术姿态",
      "等级": 1,
      "效果": "当你在任一伤害骰掷出最大值时，额外掷一个伤害骰。",
      "简略信息": {
        "item1": "位阶1"
      }
    },
    {
      "id": "void-pack-RidRisR-1.0-variant-stance-defensive",
      "名称": "防御姿态",
      "类型": "武术姿态",
      "等级": 1,
      "效果": "除非敌人标记1压力点，否则对你的攻击掷骰均处于劣势。",
      "简略信息": {
        "item1": "位阶1"
      }
    },
    {
      "id": "void-pack-RidRisR-1.0-variant-stance-grappling",
      "名称": "擒抱姿态",
      "类型": "武术姿态",
      "等级": 1,
      "效果": "成功攻击后，你可以消耗1个专注指示物，使目标暂时被束缚。",
      "简略信息": {
        "item1": "位阶1"
      }
    },
    {
      "id": "void-pack-RidRisR-1.0-variant-stance-steady",
      "名称": "稳健姿态",
      "类型": "武术姿态",
      "等级": 1,
      "效果": "你的闪避-1。当你成功攻击造成伤害时，额外掷一个伤害骰，然后弃掉骰值最低的一个骰子。",
      "简略信息": {
        "item1": "位阶1"
      }
    },
    {
      "id": "void-pack-RidRisR-1.0-variant-stance-precise",
      "名称": "精准姿态",
      "类型": "武术姿态",
      "等级": 1,
      "效果": "你的攻击掷骰获得+1加值。",
      "简略信息": {
        "item1": "位阶1"
      }
    },
    {
      "id": "void-pack-RidRisR-1.0-variant-stance-quick",
      "名称": "迅捷姿态",
      "类型": "武术姿态",
      "等级": 1,
      "效果": "进行攻击掷骰时，消耗1个专注指示物，可将攻击目标扩展到攻击范围内的另一个额外目标。",
      "简略信息": {
        "item1": "位阶1"
      }
    },
    {
      "id": "void-pack-RidRisR-1.0-variant-stance-deadly",
      "名称": "致命姿态",
      "类型": "武术姿态",
      "等级": 2,
      "效果": "当你造成严重伤害时，目标额外标记1点生命值。",
      "简略信息": {
        "item1": "位阶2"
      }
    },
    {
      "id": "void-pack-RidRisR-1.0-variant-stance-hindering",
      "名称": "妨碍姿态",
      "类型": "武术姿态",
      "等级": 2,
      "效果": "成功攻击后，你可以消耗1个专注指示物，使目标暂时受阻（Hindered）。受阻状态下，目标的攻击掷骰获得-2惩罚。",
      "简略信息": {
        "item1": "位阶2"
      }
    },
    {
      "id": "void-pack-RidRisR-1.0-variant-stance-invigorating",
      "名称": "振奋姿态",
      "类型": "武术姿态",
      "等级": 2,
      "效果": "成功攻击时掷一个d4，若掷出4，则获得1个专注指示物。",
      "简略信息": {
        "item1": "位阶2"
      }
    },
    {
      "id": "void-pack-RidRisR-1.0-variant-stance-immovable",
      "名称": "坚定姿态",
      "类型": "武术姿态",
      "等级": 2,
      "效果": "你的伤害门阈值获得+2加值，且你无法被强制移动。",
      "简略信息": {
        "item1": "位阶2"
      }
    },
    {
      "id": "void-pack-RidRisR-1.0-variant-stance-nimble",
      "名称": "敏捷姿态",
      "类型": "武术姿态",
      "等级": 2,
      "效果": "当敌人成功攻击你时，你可以消耗最多等同于你位阶的专注指示物，掷数量等同于1加消耗专注指示物的d6骰。如果任意两个骰子点数相同，则该次攻击不对你造成伤害。",
      "简略信息": {
        "item1": "位阶2"
      }
    },
    {
      "id": "void-pack-RidRisR-1.0-variant-stance-otherworldly",
      "名称": "超凡姿态",
      "类型": "武术姿态",
      "等级": 2,
      "效果": "你可以选择造成物理伤害或魔法伤害。",
      "简略信息": {
        "item1": "位阶2"
      }
    },
    {
      "id": "void-pack-RidRisR-1.0-variant-stance-scary",
      "名称": "恐怖姿态",
      "类型": "武术姿态",
      "等级": 2,
      "效果": "成功攻击还会迫使目标标记1压力点。",
      "简略信息": {
        "item1": "位阶2"
      }
    },
    {
      "id": "void-pack-RidRisR-1.0-variant-stance-deflecting",
      "名称": "偏转姿态",
      "类型": "武术姿态",
      "等级": 3,
      "效果": "当你成为攻击目标时，可以消耗2个专注指示物，获得等同于你的护甲值的闪避加值来抵挡该次攻击。",
      "简略信息": {
        "item1": "位阶3"
      }
    },
    {
      "id": "void-pack-RidRisR-1.0-variant-stance-devastating",
      "名称": "毁灭姿态",
      "类型": "武术姿态",
      "等级": 3,
      "效果": "在攻击掷骰前消耗1个专注指示物，将伤害骰替换为d20进行伤害掷骰。",
      "简略信息": {
        "item1": "位阶3"
      }
    },
    {
      "id": "void-pack-RidRisR-1.0-variant-stance-dueling",
      "名称": "决斗姿态",
      "类型": "武术姿态",
      "等级": 3,
      "效果": "当你和目标的邻近距离内没有其他敌人或盟友时，攻击检定获得优势。",
      "简略信息": {
        "item1": "位阶3"
      }
    },
    {
      "id": "void-pack-RidRisR-1.0-variant-stance-compounding",
      "名称": "叠加姿态",
      "类型": "武术姿态",
      "等级": 3,
      "效果": "当你掷出连击骰的最大值时，下一次连击骰的骰种升级（最高至d12）。",
      "简略信息": {
        "item1": "位阶3"
      }
    },
    {
      "id": "void-pack-RidRisR-1.0-variant-stance-inexorable",
      "名称": "无情姿态",
      "类型": "武术姿态",
      "等级": 3,
      "效果": "当你周围近战范围内有超过两个敌人时，他们针对你的攻击掷骰处于劣势。",
      "简略信息": {
        "item1": "位阶3"
      }
    },
    {
      "id": "void-pack-RidRisR-1.0-variant-stance-favored",
      "名称": "宠幸姿态",
      "类型": "武术姿态",
      "等级": 3,
      "效果": "你的伤害掷骰可以额外附加你选择的一项属性。",
      "简略信息": {
        "item1": "位阶3"
      }
    },
    {
      "id": "void-pack-RidRisR-1.0-variant-stance-sheltering",
      "名称": "庇护姿态",
      "类型": "武术姿态",
      "等级": 3,
      "效果": "当你标记护甲时，该护甲减少你及近战范围内所有盟友受到的同类型伤害。",
      "简略信息": {
        "item1": "位阶3"
      }
    },
    {
      "id": "void-pack-RidRisR-1.0-variant-stance-crushing",
      "名称": "碾碎姿态",
      "类型": "武术姿态",
      "等级": 4,
      "效果": "当你在伤害骰掷出1点时，可以将其视为该骰的最大值。",
      "简略信息": {
        "item1": "位阶4"
      }
    },
    {
      "id": "void-pack-RidRisR-1.0-variant-stance-infuriating",
      "名称": "激怒姿态",
      "类型": "武术姿态",
      "等级": 4,
      "效果": "成功攻击后，目标变为愤怒状态（Furious）。处于愤怒状态时，目标陷入脆弱且攻击掷骰获得-2减值。目标只有通过对你成功攻击才能解除愤怒状态。",
      "简略信息": {
        "item1": "位阶4"
      }
    },
    {
      "id": "void-pack-RidRisR-1.0-variant-stance-sweeping",
      "名称": "横扫姿态",
      "类型": "武术姿态",
      "等级": 4,
      "效果": "你的攻击会同时命中临近范围内的所有敌人。对其他命中的目标造成一半伤害。",
      "简略信息": {
        "item1": "位阶4"
      }
    },
    {
      "id": "void-pack-RidRisR-1.0-variant-stance-discerning",
      "名称": "洞察姿态",
      "类型": "武术姿态",
      "等级": 4,
      "效果": "你可以在进行攻击掷骰后选择攻击的具体目标。游戏主持人将告知你攻击会成功命中的敌人。",
      "简略信息": {
        "item1": "位阶4"
      }
    }
  ]
}